mean_fit_time,mean_score_time,mean_test_score,mean_train_score,param_feature_selection__k,param_knn_classifier__algorithm,param_knn_classifier__leaf_size,param_knn_classifier__metric,param_knn_classifier__n_neighbors,param_knn_classifier__weights,params,rank_test_score,split0_test_score,split0_train_score,split1_test_score,split1_train_score,split2_test_score,split2_train_score,std_fit_time,std_score_time,std_test_score,std_train_score
0.4589468638102214,43.66877849896749,0.3302,0.5241250180379345,10,ball_tree,20,chebyshev,5,uniform,"{'feature_selection__k': 10, 'knn_classifier__algorithm': 'ball_tree', 'knn_classifier__leaf_size': 20, 'knn_classifier__metric': 'chebyshev', 'knn_classifier__n_neighbors': 5, 'knn_classifier__weights': 'uniform'}",93,0.3288085595720214,0.5239755993899847,0.33151671208219796,0.5253940674258428,0.3302747706077956,0.5230053872979763,0.07509639574348985,0.7965249647271422,0.0011068826413404124,0.000980881453109903
0.7193513711293539,44.81878391901652,0.33460833333333334,0.9277000082282566,10,ball_tree,20,chebyshev,5,distance,"{'feature_selection__k': 10, 'knn_classifier__algorithm': 'ball_tree', 'knn_classifier__leaf_size': 20, 'knn_classifier__metric': 'chebyshev', 'knn_classifier__n_neighbors': 5, 'knn_classifier__weights': 'distance'}",79,0.3319834008299585,0.9274356858921473,0.3355166120846979,0.9285241065513319,0.3363252243918294,0.9271402322412909,0.2859476042733598,0.3408465099296555,0.0018853027964909226,0.0005950780058236476
1.5589836438496907,44.10402409235636,0.3380666666666667,0.4540166455395624,10,ball_tree,20,chebyshev,10,uniform,"{'feature_selection__k': 10, 'knn_classifier__algorithm': 'ball_tree', 'knn_classifier__leaf_size': 20, 'knn_classifier__metric': 'chebyshev', 'knn_classifier__n_neighbors': 10, 'knn_classifier__weights': 'uniform'}",59,0.33658317084145795,0.4526613165329133,0.336241593960151,0.45444318053975674,0.34137560317023774,0.454945439546017,1.2171568378692936,3.2046467247701,0.0023437920245362454,0.0009800522314450436
1.373431126276652,43.58036653200785,0.34560833333333335,0.9282375061974658,10,ball_tree,20,chebyshev,10,distance,"{'feature_selection__k': 10, 'knn_classifier__algorithm': 'ball_tree', 'knn_classifier__leaf_size': 20, 'knn_classifier__metric': 'chebyshev', 'knn_classifier__n_neighbors': 10, 'knn_classifier__weights': 'distance'}",25,0.3426328683565822,0.9280357008925223,0.34709132271693205,0.9288616107701346,0.3471010325774433,0.9278152069297402,0.2355174566369583,1.189579989059762,0.002104054095692989,0.0004503955928777414
1.751703421274821,44.87554359436035,0.33998333333333336,0.4257833265604482,10,ball_tree,20,chebyshev,15,uniform,"{'feature_selection__k': 10, 'knn_classifier__algorithm': 'ball_tree', 'knn_classifier__leaf_size': 20, 'knn_classifier__metric': 'chebyshev', 'knn_classifier__n_neighbors': 15, 'knn_classifier__weights': 'uniform'}",53,0.3404079796010199,0.4250606265156629,0.338641533961651,0.4262803285041063,0.3409005675425657,0.4260090246615752,0.5504648166893141,1.4776725252561977,0.0009698899472036916,0.0005228912951353392
3.1140761375427246,38.32966693242391,0.35125833333333334,0.9282666722391649,10,ball_tree,20,chebyshev,15,distance,"{'feature_selection__k': 10, 'knn_classifier__algorithm': 'ball_tree', 'knn_classifier__leaf_size': 20, 'knn_classifier__metric': 'chebyshev', 'knn_classifier__n_neighbors': 15, 'knn_classifier__weights': 'distance'}",11,0.3485325733713314,0.9280482012050302,0.35214119647008824,0.9288741109263866,0.35310148261119584,0.927877704586078,0.9826831074928849,6.723644922816119,0.001966939257983105,0.00043512725595985834
2.1028268337249756,14.28779379526774,0.33198333333333335,0.5264875365289966,10,ball_tree,20,minkowski,5,uniform,"{'feature_selection__k': 10, 'knn_classifier__algorithm': 'ball_tree', 'knn_classifier__leaf_size': 20, 'knn_classifier__metric': 'minkowski', 'knn_classifier__n_neighbors': 5, 'knn_classifier__weights': 'uniform'}",87,0.33210839458027097,0.5271756793919848,0.33386665333366666,0.5278190977387217,0.32997474810610794,0.5244678324562829,0.28724451649439103,1.0162479765592822,0.001591303032888923,0.001452101970301726
2.9269880453745523,15.827033122380575,0.336225,0.9277000082282566,10,ball_tree,20,minkowski,5,distance,"{'feature_selection__k': 10, 'knn_classifier__algorithm': 'ball_tree', 'knn_classifier__leaf_size': 20, 'knn_classifier__metric': 'minkowski', 'knn_classifier__n_neighbors': 5, 'knn_classifier__weights': 'distance'}",69,0.33375831208439577,0.9274356858921473,0.33731656708582286,0.9285241065513319,0.3376003200240018,0.9271402322412909,0.26822795685215517,2.013406857033205,0.001748119494085352,0.0005950780058236476
2.9993932247161865,16.975695848464966,0.3408083333333333,0.4569375125724264,10,ball_tree,20,minkowski,10,uniform,"{'feature_selection__k': 10, 'knn_classifier__algorithm': 'ball_tree', 'knn_classifier__leaf_size': 20, 'knn_classifier__metric': 'minkowski', 'knn_classifier__n_neighbors': 10, 'knn_classifier__weights': 'uniform'}",47,0.33950802459877005,0.4568364209105228,0.34054148646283844,0.4578182227277841,0.3423756781758632,0.45615789407897206,0.2435992956543898,0.07997827626843053,0.0011858164543837551,0.0006815851370622864
3.0781702995300293,20.04071831703186,0.34584166666666666,0.9282375061974658,10,ball_tree,20,minkowski,10,distance,"{'feature_selection__k': 10, 'knn_classifier__algorithm': 'ball_tree', 'knn_classifier__leaf_size': 20, 'knn_classifier__metric': 'minkowski', 'knn_classifier__n_neighbors': 10, 'knn_classifier__weights': 'distance'}",21,0.34388280585970704,0.9280357008925223,0.3478413039674008,0.9288616107701346,0.34580093507013027,0.9278152069297402,1.00097954044092,1.6228350823247382,0.0016163369857564735,0.0004503955928777414
1.4480575720469158,17.394004265467327,0.34334166666666666,0.42934997776116224,10,ball_tree,20,minkowski,15,uniform,"{'feature_selection__k': 10, 'knn_classifier__algorithm': 'ball_tree', 'knn_classifier__leaf_size': 20, 'knn_classifier__metric': 'minkowski', 'knn_classifier__n_neighbors': 15, 'knn_classifier__weights': 'uniform'}",35,0.34285785710714467,0.42789819745493635,0.3438914027149321,0.42983037287966097,0.34327574568092606,0.4303213629488894,0.48922685503402363,1.5460034687536173,0.0004245177349721845,0.0010459500801278682
1.9880792299906414,19.086683591206867,0.35168333333333335,0.9282666722391649,10,ball_tree,20,minkowski,15,distance,"{'feature_selection__k': 10, 'knn_classifier__algorithm': 'ball_tree', 'knn_classifier__leaf_size': 20, 'knn_classifier__metric': 'minkowski', 'knn_classifier__n_neighbors': 15, 'knn_classifier__weights': 'distance'}",3,0.3504074796260187,0.9280482012050302,0.3533911652208695,0.9288741109263866,0.3512513438507888,0.927877704586078,1.485307800081892,0.6016156824417741,0.0012558194751957044,0.00043512725595985834
3.035818656285604,43.26819610595703,0.3302,0.5241250180379345,10,ball_tree,30,chebyshev,5,uniform,"{'feature_selection__k': 10, 'knn_classifier__algorithm': 'ball_tree', 'knn_classifier__leaf_size': 30, 'knn_classifier__metric': 'chebyshev', 'knn_classifier__n_neighbors': 5, 'knn_classifier__weights': 'uniform'}",93,0.3288085595720214,0.5239755993899847,0.33151671208219796,0.5253940674258428,0.3302747706077956,0.5230053872979763,1.6993296070580042,2.508013208125385,0.0011068826413404124,0.000980881453109903
2.650219758351644,44.63925997416178,0.33460833333333334,0.9277000082282566,10,ball_tree,30,chebyshev,5,distance,"{'feature_selection__k': 10, 'knn_classifier__algorithm': 'ball_tree', 'knn_classifier__leaf_size': 30, 'knn_classifier__metric': 'chebyshev', 'knn_classifier__n_neighbors': 5, 'knn_classifier__weights': 'distance'}",79,0.3319834008299585,0.9274356858921473,0.3355166120846979,0.9285241065513319,0.3363252243918294,0.9271402322412909,0.9413046326505022,0.5545831941157914,0.0018853027964909226,0.0005950780058236476
4.092154026031494,46.83386985460917,0.3380666666666667,0.4540166455395624,10,ball_tree,30,chebyshev,10,uniform,"{'feature_selection__k': 10, 'knn_classifier__algorithm': 'ball_tree', 'knn_classifier__leaf_size': 30, 'knn_classifier__metric': 'chebyshev', 'knn_classifier__n_neighbors': 10, 'knn_classifier__weights': 'uniform'}",59,0.33658317084145795,0.4526613165329133,0.336241593960151,0.45444318053975674,0.34137560317023774,0.454945439546017,0.7961735025215521,0.2707103634447196,0.0023437920245362454,0.0009800522314450436
2.549925963083903,43.19429620107015,0.34560833333333335,0.9282375061974658,10,ball_tree,30,chebyshev,10,distance,"{'feature_selection__k': 10, 'knn_classifier__algorithm': 'ball_tree', 'knn_classifier__leaf_size': 30, 'knn_classifier__metric': 'chebyshev', 'knn_classifier__n_neighbors': 10, 'knn_classifier__weights': 'distance'}",25,0.3426328683565822,0.9280357008925223,0.34709132271693205,0.9288616107701346,0.3471010325774433,0.9278152069297402,0.9780007912376072,2.2654118900170404,0.002104054095692989,0.0004503955928777414
3.0658143361409507,47.88659564654032,0.33998333333333336,0.4257833265604482,10,ball_tree,30,chebyshev,15,uniform,"{'feature_selection__k': 10, 'knn_classifier__algorithm': 'ball_tree', 'knn_classifier__leaf_size': 30, 'knn_classifier__metric': 'chebyshev', 'knn_classifier__n_neighbors': 15, 'knn_classifier__weights': 'uniform'}",53,0.3404079796010199,0.4250606265156629,0.338641533961651,0.4262803285041063,0.3409005675425657,0.4260090246615752,0.2332215478427813,1.4964712301495355,0.0009698899472036916,0.0005228912951353392
2.8145904541015625,47.04559874534607,0.35125833333333334,0.9282666722391649,10,ball_tree,30,chebyshev,15,distance,"{'feature_selection__k': 10, 'knn_classifier__algorithm': 'ball_tree', 'knn_classifier__leaf_size': 30, 'knn_classifier__metric': 'chebyshev', 'knn_classifier__n_neighbors': 15, 'knn_classifier__weights': 'distance'}",11,0.3485325733713314,0.9280482012050302,0.35214119647008824,0.9288741109263866,0.35310148261119584,0.927877704586078,1.2616818407157353,2.946127738978928,0.001966939257983105,0.00043512725595985834
2.3377908070882163,14.273553530375162,0.33198333333333335,0.5264875365289966,10,ball_tree,30,minkowski,5,uniform,"{'feature_selection__k': 10, 'knn_classifier__algorithm': 'ball_tree', 'knn_classifier__leaf_size': 30, 'knn_classifier__metric': 'minkowski', 'knn_classifier__n_neighbors': 5, 'knn_classifier__weights': 'uniform'}",87,0.33210839458027097,0.5271756793919848,0.33386665333366666,0.5278190977387217,0.32997474810610794,0.5244678324562829,0.4645954979264642,3.486425454844653,0.001591303032888923,0.001452101970301726
3.0402421156565347,19.900877316792805,0.336225,0.9277000082282566,10,ball_tree,30,minkowski,5,distance,"{'feature_selection__k': 10, 'knn_classifier__algorithm': 'ball_tree', 'knn_classifier__leaf_size': 30, 'knn_classifier__metric': 'minkowski', 'knn_classifier__n_neighbors': 5, 'knn_classifier__weights': 'distance'}",69,0.33375831208439577,0.9274356858921473,0.33731656708582286,0.9285241065513319,0.3376003200240018,0.9271402322412909,0.3843042987794105,1.0809858735443734,0.001748119494085352,0.0005950780058236476
2.528540849685669,19.045244057973225,0.3408083333333333,0.4569375125724264,10,ball_tree,30,minkowski,10,uniform,"{'feature_selection__k': 10, 'knn_classifier__algorithm': 'ball_tree', 'knn_classifier__leaf_size': 30, 'knn_classifier__metric': 'minkowski', 'knn_classifier__n_neighbors': 10, 'knn_classifier__weights': 'uniform'}",47,0.33950802459877005,0.4568364209105228,0.34054148646283844,0.4578182227277841,0.3423756781758632,0.45615789407897206,1.1661508460167849,2.94133096945595,0.0011858164543837551,0.0006815851370622864
1.9681652386983235,18.0931179523468,0.34584166666666666,0.9282375061974658,10,ball_tree,30,minkowski,10,distance,"{'feature_selection__k': 10, 'knn_classifier__algorithm': 'ball_tree', 'knn_classifier__leaf_size': 30, 'knn_classifier__metric': 'minkowski', 'knn_classifier__n_neighbors': 10, 'knn_classifier__weights': 'distance'}",21,0.34388280585970704,0.9280357008925223,0.3478413039674008,0.9288616107701346,0.34580093507013027,0.9278152069297402,0.886357398804897,0.5974675846089675,0.0016163369857564735,0.0004503955928777414
2.7154382864634194,22.316664059956867,0.34334166666666666,0.42934997776116224,10,ball_tree,30,minkowski,15,uniform,"{'feature_selection__k': 10, 'knn_classifier__algorithm': 'ball_tree', 'knn_classifier__leaf_size': 30, 'knn_classifier__metric': 'minkowski', 'knn_classifier__n_neighbors': 15, 'knn_classifier__weights': 'uniform'}",35,0.34285785710714467,0.42789819745493635,0.3438914027149321,0.42983037287966097,0.34327574568092606,0.4303213629488894,1.3204167245236862,2.4422920917704856,0.0004245177349721845,0.0010459500801278682
2.6900643507639566,17.77679165204366,0.35168333333333335,0.9282666722391649,10,ball_tree,30,minkowski,15,distance,"{'feature_selection__k': 10, 'knn_classifier__algorithm': 'ball_tree', 'knn_classifier__leaf_size': 30, 'knn_classifier__metric': 'minkowski', 'knn_classifier__n_neighbors': 15, 'knn_classifier__weights': 'distance'}",3,0.3504074796260187,0.9280482012050302,0.3533911652208695,0.9288741109263866,0.3512513438507888,0.927877704586078,1.0154584233941895,1.1896936258902837,0.0012558194751957044,0.00043512725595985834
3.521234114964803,2.1850198109944663,0.3300666666666667,0.524329192465102,10,kd_tree,20,chebyshev,5,uniform,"{'feature_selection__k': 10, 'knn_classifier__algorithm': 'kd_tree', 'knn_classifier__leaf_size': 20, 'knn_classifier__metric': 'chebyshev', 'knn_classifier__n_neighbors': 5, 'knn_classifier__weights': 'uniform'}",95,0.3288085595720214,0.5246756168904223,0.33121671958201043,0.5254440680508506,0.33017476310723304,0.522867892454033,0.4319539596861038,0.06782139125021903,0.0009861121202316666,0.0010798696181340912
2.9498726526896157,1.971243937810262,0.334725,0.9277000082282566,10,kd_tree,20,chebyshev,5,distance,"{'feature_selection__k': 10, 'knn_classifier__algorithm': 'kd_tree', 'knn_classifier__leaf_size': 20, 'knn_classifier__metric': 'chebyshev', 'knn_classifier__n_neighbors': 5, 'knn_classifier__weights': 'distance'}",77,0.3321333933303335,0.9274356858921473,0.335841603959901,0.9285241065513319,0.33620021501612624,0.9271402322412909,0.6409082993719653,0.34955600702441836,0.001838449768078772,0.0005950780058236476
2.0571921666463218,2.262667258580526,0.33818333333333334,0.4540749847582804,10,kd_tree,20,chebyshev,10,uniform,"{'feature_selection__k': 10, 'knn_classifier__algorithm': 'kd_tree', 'knn_classifier__leaf_size': 20, 'knn_classifier__metric': 'chebyshev', 'knn_classifier__n_neighbors': 10, 'knn_classifier__weights': 'uniform'}",57,0.3376081195940203,0.45299882497062427,0.335641608959776,0.4545056813210165,0.34130059754481584,0.4547204479832006,1.1603090171277584,0.2637610451862046,0.0023457777000118903,0.0007659943847586083
1.3579688866933186,2.4662342071533203,0.3454583333333333,0.9282375061974658,10,kd_tree,20,chebyshev,10,distance,"{'feature_selection__k': 10, 'knn_classifier__algorithm': 'kd_tree', 'knn_classifier__leaf_size': 20, 'knn_classifier__metric': 'chebyshev', 'knn_classifier__n_neighbors': 10, 'knn_classifier__weights': 'distance'}",27,0.34290785460726964,0.9280357008925223,0.3465913352166196,0.9288616107701346,0.3468760157011776,0.9278152069297402,0.4655283731822977,0.3578732427641283,0.0018072691091258256,0.0004503955928777414
2.083451271057129,2.4213918844858804,0.3403583333333333,0.4267249877590504,10,kd_tree,20,chebyshev,15,uniform,"{'feature_selection__k': 10, 'knn_classifier__algorithm': 'kd_tree', 'knn_classifier__leaf_size': 20, 'knn_classifier__metric': 'chebyshev', 'knn_classifier__n_neighbors': 15, 'knn_classifier__weights': 'uniform'}",51,0.34055797210139493,0.4254731368284207,0.33916652083697907,0.42755534444180554,0.34135060129509714,0.42714648200692473,0.4209947516775896,0.4236406944357454,0.0009027424938581504,0.0009007923131158348
1.2482764720916748,2.5385208129882812,0.35134166666666666,0.9282666722391649,10,kd_tree,20,chebyshev,15,distance,"{'feature_selection__k': 10, 'knn_classifier__algorithm': 'kd_tree', 'knn_classifier__leaf_size': 20, 'knn_classifier__metric': 'chebyshev', 'knn_classifier__n_neighbors': 15, 'knn_classifier__weights': 'distance'}",9,0.3488825558722064,0.9280482012050302,0.35226619334516635,0.9288741109263866,0.35287646573493014,0.927877704586078,0.7616113515526316,0.6804610091032092,0.0017566759061792476,0.00043512725595985834
1.35917329788208,1.3153112729390461,0.33225,0.5263042022580681,10,kd_tree,20,minkowski,5,uniform,"{'feature_selection__k': 10, 'knn_classifier__algorithm': 'kd_tree', 'knn_classifier__leaf_size': 20, 'knn_classifier__metric': 'minkowski', 'knn_classifier__n_neighbors': 5, 'knn_classifier__weights': 'uniform'}",85,0.332058397080146,0.5270506762669067,0.3343166420839479,0.5275065938324229,0.33037477810835814,0.5243553366748747,0.7270572053967295,0.43148101277267453,0.0016149327335289437,0.001390568948944638
1.5639347235361736,1.522494633992513,0.336175,0.9277000082282566,10,kd_tree,20,minkowski,5,distance,"{'feature_selection__k': 10, 'knn_classifier__algorithm': 'kd_tree', 'knn_classifier__leaf_size': 20, 'knn_classifier__metric': 'minkowski', 'knn_classifier__n_neighbors': 5, 'knn_classifier__weights': 'distance'}",71,0.3335333233338333,0.9274356858921473,0.3374665633359166,0.9285241065513319,0.3375253143985799,0.9271402322412909,0.12218982231542541,0.2517401042367478,0.001868171504374403,0.0005950780058236476
1.477330207824707,1.611264705657959,0.3408583333333333,0.45695001382240413,10,kd_tree,20,minkowski,10,uniform,"{'feature_selection__k': 10, 'knn_classifier__algorithm': 'kd_tree', 'knn_classifier__leaf_size': 20, 'knn_classifier__metric': 'minkowski', 'knn_classifier__n_neighbors': 10, 'knn_classifier__weights': 'uniform'}",45,0.3395580220988951,0.45684892122303056,0.34056648583785404,0.45790572382154776,0.34245068380128507,0.45609539642263414,0.46780871722175454,0.18398932195126216,0.0011988134107175012,0.0007425120012724486
1.7153391043345134,1.793378750483195,0.3459833333333333,0.9282375061974658,10,kd_tree,20,minkowski,10,distance,"{'feature_selection__k': 10, 'knn_classifier__algorithm': 'kd_tree', 'knn_classifier__leaf_size': 20, 'knn_classifier__metric': 'minkowski', 'knn_classifier__n_neighbors': 10, 'knn_classifier__weights': 'distance'}",17,0.343982800859957,0.9280357008925223,0.3479663008424789,0.9288616107701346,0.34600095007125536,0.9278152069297402,0.5600933895786753,0.02961112947970577,0.001626335252036657,0.0004503955928777414
1.5638805230458577,2.2858382066090903,0.34326666666666666,0.4295124731259507,10,kd_tree,20,minkowski,15,uniform,"{'feature_selection__k': 10, 'knn_classifier__algorithm': 'kd_tree', 'knn_classifier__leaf_size': 20, 'knn_classifier__metric': 'minkowski', 'knn_classifier__n_neighbors': 15, 'knn_classifier__weights': 'uniform'}",39,0.3427328633568322,0.42794819870496764,0.3437914052148696,0.4298553731921649,0.34327574568092606,0.43073384748071947,0.16400744009942017,0.44714250412666007,0.0004322036830555946,0.001162796949032575
1.92824920018514,2.1383039156595864,0.3517,0.9282666722391649,10,kd_tree,20,minkowski,15,distance,"{'feature_selection__k': 10, 'knn_classifier__algorithm': 'kd_tree', 'knn_classifier__leaf_size': 20, 'knn_classifier__metric': 'minkowski', 'knn_classifier__n_neighbors': 15, 'knn_classifier__weights': 'distance'}",1,0.3504824758762062,0.9280482012050302,0.3533161670958226,0.9288741109263866,0.35130134760107007,0.927877704586078,0.9967622071988697,0.4277296897850641,0.0011907157942016248,0.00043512725595985834
2.2018635272979736,1.543487787246704,0.3300666666666667,0.524329192465102,10,kd_tree,30,chebyshev,5,uniform,"{'feature_selection__k': 10, 'knn_classifier__algorithm': 'kd_tree', 'knn_classifier__leaf_size': 30, 'knn_classifier__metric': 'chebyshev', 'knn_classifier__n_neighbors': 5, 'knn_classifier__weights': 'uniform'}",95,0.3288085595720214,0.5246756168904223,0.33121671958201043,0.5254440680508506,0.33017476310723304,0.522867892454033,0.14976842688603134,0.0845624755291624,0.0009861121202316666,0.0010798696181340912
1.2467432022094727,1.378522793451945,0.334725,0.9277000082282566,10,kd_tree,30,chebyshev,5,distance,"{'feature_selection__k': 10, 'knn_classifier__algorithm': 'kd_tree', 'knn_classifier__leaf_size': 30, 'knn_classifier__metric': 'chebyshev', 'knn_classifier__n_neighbors': 5, 'knn_classifier__weights': 'distance'}",77,0.3321333933303335,0.9274356858921473,0.335841603959901,0.9285241065513319,0.33620021501612624,0.9271402322412909,0.3957204007008445,0.0719551855876816,0.001838449768078772,0.0005950780058236476
1.2165056864420574,1.3228039741516113,0.33818333333333334,0.4540749847582804,10,kd_tree,30,chebyshev,10,uniform,"{'feature_selection__k': 10, 'knn_classifier__algorithm': 'kd_tree', 'knn_classifier__leaf_size': 30, 'knn_classifier__metric': 'chebyshev', 'knn_classifier__n_neighbors': 10, 'knn_classifier__weights': 'uniform'}",57,0.3376081195940203,0.45299882497062427,0.335641608959776,0.4545056813210165,0.34130059754481584,0.4547204479832006,0.1178850950653641,0.037242536919880984,0.0023457777000118903,0.0007659943847586083
1.4157640933990479,2.104470411936442,0.3454583333333333,0.9282375061974658,10,kd_tree,30,chebyshev,10,distance,"{'feature_selection__k': 10, 'knn_classifier__algorithm': 'kd_tree', 'knn_classifier__leaf_size': 30, 'knn_classifier__metric': 'chebyshev', 'knn_classifier__n_neighbors': 10, 'knn_classifier__weights': 'distance'}",27,0.34290785460726964,0.9280357008925223,0.3465913352166196,0.9288616107701346,0.3468760157011776,0.9278152069297402,0.50026459216874,0.1777907780719497,0.0018072691091258256,0.0004503955928777414
1.0881344477335613,1.7472108999888103,0.3403583333333333,0.4267249877590504,10,kd_tree,30,chebyshev,15,uniform,"{'feature_selection__k': 10, 'knn_classifier__algorithm': 'kd_tree', 'knn_classifier__leaf_size': 30, 'knn_classifier__metric': 'chebyshev', 'knn_classifier__n_neighbors': 15, 'knn_classifier__weights': 'uniform'}",51,0.34055797210139493,0.4254731368284207,0.33916652083697907,0.42755534444180554,0.34135060129509714,0.42714648200692473,0.1978264536001197,0.3181807422288132,0.0009027424938581504,0.0009007923131158348
2.0836609999338784,2.6528731981913247,0.35134166666666666,0.9282666722391649,10,kd_tree,30,chebyshev,15,distance,"{'feature_selection__k': 10, 'knn_classifier__algorithm': 'kd_tree', 'knn_classifier__leaf_size': 30, 'knn_classifier__metric': 'chebyshev', 'knn_classifier__n_neighbors': 15, 'knn_classifier__weights': 'distance'}",9,0.3488825558722064,0.9280482012050302,0.35226619334516635,0.9288741109263866,0.35287646573493014,0.927877704586078,0.11883849466518805,0.3574662179255133,0.0017566759061792476,0.00043512725595985834
1.0922776063283284,1.6635019779205322,0.33225,0.5263042022580681,10,kd_tree,30,minkowski,5,uniform,"{'feature_selection__k': 10, 'knn_classifier__algorithm': 'kd_tree', 'knn_classifier__leaf_size': 30, 'knn_classifier__metric': 'minkowski', 'knn_classifier__n_neighbors': 5, 'knn_classifier__weights': 'uniform'}",85,0.332058397080146,0.5270506762669067,0.3343166420839479,0.5275065938324229,0.33037477810835814,0.5243553366748747,0.3552029701748768,0.3161408840238544,0.0016149327335289437,0.001390568948944638
1.5096787611643474,1.2130755583445232,0.336175,0.9277000082282566,10,kd_tree,30,minkowski,5,distance,"{'feature_selection__k': 10, 'knn_classifier__algorithm': 'kd_tree', 'knn_classifier__leaf_size': 30, 'knn_classifier__metric': 'minkowski', 'knn_classifier__n_neighbors': 5, 'knn_classifier__weights': 'distance'}",71,0.3335333233338333,0.9274356858921473,0.3374665633359166,0.9285241065513319,0.3375253143985799,0.9271402322412909,0.4315867346224642,0.039206492530136784,0.001868171504374403,0.0005950780058236476
1.1972072124481201,1.8230977058410645,0.3408583333333333,0.45695001382240413,10,kd_tree,30,minkowski,10,uniform,"{'feature_selection__k': 10, 'knn_classifier__algorithm': 'kd_tree', 'knn_classifier__leaf_size': 30, 'knn_classifier__metric': 'minkowski', 'knn_classifier__n_neighbors': 10, 'knn_classifier__weights': 'uniform'}",45,0.3395580220988951,0.45684892122303056,0.34056648583785404,0.45790572382154776,0.34245068380128507,0.45609539642263414,0.4353190170511514,0.30380164487040373,0.0011988134107175012,0.0007425120012724486
1.5733944574991863,2.556600491205851,0.3459833333333333,0.9282375061974658,10,kd_tree,30,minkowski,10,distance,"{'feature_selection__k': 10, 'knn_classifier__algorithm': 'kd_tree', 'knn_classifier__leaf_size': 30, 'knn_classifier__metric': 'minkowski', 'knn_classifier__n_neighbors': 10, 'knn_classifier__weights': 'distance'}",17,0.343982800859957,0.9280357008925223,0.3479663008424789,0.9288616107701346,0.34600095007125536,0.9278152069297402,0.5871966012502171,0.5020114937876347,0.001626335252036657,0.0004503955928777414
1.3594717184702556,2.036247889200846,0.34326666666666666,0.4295124731259507,10,kd_tree,30,minkowski,15,uniform,"{'feature_selection__k': 10, 'knn_classifier__algorithm': 'kd_tree', 'knn_classifier__leaf_size': 30, 'knn_classifier__metric': 'minkowski', 'knn_classifier__n_neighbors': 15, 'knn_classifier__weights': 'uniform'}",39,0.3427328633568322,0.42794819870496764,0.3437914052148696,0.4298553731921649,0.34327574568092606,0.43073384748071947,0.27253056379660695,0.10078695685150972,0.0004322036830555946,0.001162796949032575
1.259341875712077,2.522779703140259,0.3517,0.9282666722391649,10,kd_tree,30,minkowski,15,distance,"{'feature_selection__k': 10, 'knn_classifier__algorithm': 'kd_tree', 'knn_classifier__leaf_size': 30, 'knn_classifier__metric': 'minkowski', 'knn_classifier__n_neighbors': 15, 'knn_classifier__weights': 'distance'}",1,0.3504824758762062,0.9280482012050302,0.3533161670958226,0.9288741109263866,0.35130134760107007,0.927877704586078,0.4103683661026498,0.34942912798805376,0.0011907157942016248,0.00043512725595985834
1.51175324122111,74.20526599884033,0.330475,0.5246250192884894,20,ball_tree,20,chebyshev,5,uniform,"{'feature_selection__k': 20, 'knn_classifier__algorithm': 'ball_tree', 'knn_classifier__leaf_size': 20, 'knn_classifier__metric': 'chebyshev', 'knn_classifier__n_neighbors': 5, 'knn_classifier__weights': 'uniform'}",89,0.3288335583220839,0.5253256331408285,0.3316167095822604,0.5249065613320166,0.3309748231117334,0.5236428633926228,1.0782157510881665,3.4553720239187293,0.0011899304268976941,0.0007152519127665083
3.020665486653646,74.74893879890442,0.335775,0.9277041731761987,20,ball_tree,20,chebyshev,5,distance,"{'feature_selection__k': 20, 'knn_classifier__algorithm': 'ball_tree', 'knn_classifier__leaf_size': 20, 'knn_classifier__metric': 'chebyshev', 'knn_classifier__n_neighbors': 5, 'knn_classifier__weights': 'distance'}",73,0.3330833458327084,0.9273606840171005,0.33671658208544786,0.9285241065513319,0.3375253143985799,0.927227728960164,1.4133538767941012,2.5005323278088474,0.0019317810536999458,0.000582315674145959
4.608757893244426,74.28738522529602,0.3379333333333333,0.45409580741459227,20,ball_tree,20,chebyshev,10,uniform,"{'feature_selection__k': 20, 'knn_classifier__algorithm': 'ball_tree', 'knn_classifier__leaf_size': 20, 'knn_classifier__metric': 'chebyshev', 'knn_classifier__n_neighbors': 10, 'knn_classifier__weights': 'uniform'}",63,0.3358082095895205,0.4521738043451086,0.3363165920851979,0.45494318678983486,0.3416756256719254,0.45517043110883343,0.16216415956304037,1.795714199479807,0.002654178839420412,0.0013622241236198509
3.5187271436055503,73.11341285705566,0.34529166666666666,0.9282375061974658,20,ball_tree,20,chebyshev,10,distance,"{'feature_selection__k': 20, 'knn_classifier__algorithm': 'ball_tree', 'knn_classifier__leaf_size': 20, 'knn_classifier__metric': 'chebyshev', 'knn_classifier__n_neighbors': 10, 'knn_classifier__weights': 'distance'}",29,0.3422828858557072,0.9280357008925223,0.3466163345916352,0.9288616107701346,0.34697602320174015,0.9278152069297402,0.15267304728224923,3.2810563636381795,0.0021326702936724637,0.0004503955928777414
4.378293037414551,78.73385032018025,0.33955,0.42650833046717795,20,ball_tree,20,chebyshev,15,uniform,"{'feature_selection__k': 20, 'knn_classifier__algorithm': 'ball_tree', 'knn_classifier__leaf_size': 20, 'knn_classifier__metric': 'chebyshev', 'knn_classifier__n_neighbors': 15, 'knn_classifier__weights': 'uniform'}",55,0.33938303084845756,0.4259731493287332,0.3388915277118072,0.4270053375667196,0.34037552816461236,0.426546504506081,0.3412001245865264,2.928142254991178,0.0006172310004569795,0.0004222527541603456
4.374249378840129,72.96223155657451,0.350775,0.9282666722391649,20,ball_tree,20,chebyshev,15,distance,"{'feature_selection__k': 20, 'knn_classifier__algorithm': 'ball_tree', 'knn_classifier__leaf_size': 20, 'knn_classifier__metric': 'chebyshev', 'knn_classifier__n_neighbors': 15, 'knn_classifier__weights': 'distance'}",13,0.3478326083695815,0.9280482012050302,0.35161620959476014,0.9288741109263866,0.35287646573493014,0.927877704586078,0.2799790170851376,4.746860179039707,0.0021433291617291707,0.00043512725595985834
3.636168956756592,32.93815954526266,0.3324916666666667,0.5271875263735271,20,ball_tree,20,minkowski,5,uniform,"{'feature_selection__k': 20, 'knn_classifier__algorithm': 'ball_tree', 'knn_classifier__leaf_size': 20, 'knn_classifier__metric': 'minkowski', 'knn_classifier__n_neighbors': 5, 'knn_classifier__weights': 'uniform'}",83,0.3318834058297085,0.5279381984549614,0.3348166295842604,0.5278315978949737,0.3307748081106083,0.5257927827706461,0.12193687725915486,0.5417893105743399,0.0017051851982118917,0.000987192385228738
3.990447680155436,33.69680778185526,0.3369,0.9277041731761987,20,ball_tree,20,minkowski,5,distance,"{'feature_selection__k': 20, 'knn_classifier__algorithm': 'ball_tree', 'knn_classifier__leaf_size': 20, 'knn_classifier__metric': 'minkowski', 'knn_classifier__n_neighbors': 5, 'knn_classifier__weights': 'distance'}",65,0.3346082695865207,0.9273606840171005,0.33894152646183845,0.9285241065513319,0.33715028627147037,0.927227728960164,0.8110154266431218,2.45188309591803,0.0017779073747029768,0.000582315674145959
3.9116218090057373,34.54409305254618,0.34115833333333334,0.4576666796564328,20,ball_tree,20,minkowski,10,uniform,"{'feature_selection__k': 20, 'knn_classifier__algorithm': 'ball_tree', 'knn_classifier__leaf_size': 20, 'knn_classifier__metric': 'minkowski', 'knn_classifier__n_neighbors': 10, 'knn_classifier__weights': 'uniform'}",41,0.3399330033498325,0.4581489537238431,0.34086647833804157,0.457843223040288,0.3426757006775508,0.4570078622051673,0.29575181878354345,1.6803601149763256,0.0011385547981144202,0.0004822849353413037
4.242826382319133,36.28757460912069,0.34581666666666666,0.9282375061974658,20,ball_tree,20,minkowski,10,distance,"{'feature_selection__k': 20, 'knn_classifier__algorithm': 'ball_tree', 'knn_classifier__leaf_size': 20, 'knn_classifier__metric': 'minkowski', 'knn_classifier__n_neighbors': 10, 'knn_classifier__weights': 'distance'}",23,0.343782810859457,0.9280357008925223,0.3481162970925727,0.9288616107701346,0.3455509163187239,0.9278152069297402,0.4518787865479785,1.143041825223154,0.0017791221175002725,0.0004503955928777414
3.916486899058024,33.58703804016113,0.3433333333333333,0.430187488282467,20,ball_tree,20,minkowski,15,uniform,"{'feature_selection__k': 20, 'knn_classifier__algorithm': 'ball_tree', 'knn_classifier__leaf_size': 20, 'knn_classifier__metric': 'minkowski', 'knn_classifier__n_neighbors': 15, 'knn_classifier__weights': 'uniform'}",37,0.34258287085645717,0.4292107302682567,0.3428414289642759,0.4307053838172977,0.34457584318823914,0.43064635076184643,1.1977131767374514,0.5945745946417125,0.0008848564852889358,0.0006910925597207008
3.9150892893473306,36.520651499430336,0.3516416666666667,0.9282666722391649,20,ball_tree,20,minkowski,15,distance,"{'feature_selection__k': 20, 'knn_classifier__algorithm': 'ball_tree', 'knn_classifier__leaf_size': 20, 'knn_classifier__metric': 'minkowski', 'knn_classifier__n_neighbors': 15, 'knn_classifier__weights': 'distance'}",7,0.3501574921253937,0.9280482012050302,0.35346616334591635,0.9288741109263866,0.35130134760107007,0.927877704586078,0.786586626546948,0.728965225124585,0.0013720500404007672,0.00043512725595985834
4.217864751815796,74.69633722305298,0.330475,0.5246250192884894,20,ball_tree,30,chebyshev,5,uniform,"{'feature_selection__k': 20, 'knn_classifier__algorithm': 'ball_tree', 'knn_classifier__leaf_size': 30, 'knn_classifier__metric': 'chebyshev', 'knn_classifier__n_neighbors': 5, 'knn_classifier__weights': 'uniform'}",89,0.3288335583220839,0.5253256331408285,0.3316167095822604,0.5249065613320166,0.3309748231117334,0.5236428633926228,0.5391976437026036,0.8102671925505132,0.0011899304268976941,0.0007152519127665083
3.903656244277954,73.67271526654561,0.335775,0.9277041731761987,20,ball_tree,30,chebyshev,5,distance,"{'feature_selection__k': 20, 'knn_classifier__algorithm': 'ball_tree', 'knn_classifier__leaf_size': 30, 'knn_classifier__metric': 'chebyshev', 'knn_classifier__n_neighbors': 5, 'knn_classifier__weights': 'distance'}",73,0.3330833458327084,0.9273606840171005,0.33671658208544786,0.9285241065513319,0.3375253143985799,0.927227728960164,0.26700279048082803,4.3117609311644145,0.0019317810536999458,0.000582315674145959
3.6926537354787192,76.31664395332336,0.3379333333333333,0.45409580741459227,20,ball_tree,30,chebyshev,10,uniform,"{'feature_selection__k': 20, 'knn_classifier__algorithm': 'ball_tree', 'knn_classifier__leaf_size': 30, 'knn_classifier__metric': 'chebyshev', 'knn_classifier__n_neighbors': 10, 'knn_classifier__weights': 'uniform'}",63,0.3358082095895205,0.4521738043451086,0.3363165920851979,0.45494318678983486,0.3416756256719254,0.45517043110883343,0.09530590552279844,2.624375384022416,0.002654178839420412,0.0013622241236198509
3.666625420252482,77.06717276573181,0.34529166666666666,0.9282375061974658,20,ball_tree,30,chebyshev,10,distance,"{'feature_selection__k': 20, 'knn_classifier__algorithm': 'ball_tree', 'knn_classifier__leaf_size': 30, 'knn_classifier__metric': 'chebyshev', 'knn_classifier__n_neighbors': 10, 'knn_classifier__weights': 'distance'}",29,0.3422828858557072,0.9280357008925223,0.3466163345916352,0.9288616107701346,0.34697602320174015,0.9278152069297402,0.7385143040951587,1.1850779610273807,0.0021326702936724637,0.0004503955928777414
4.116313139597575,77.79087130228679,0.33955,0.42650833046717795,20,ball_tree,30,chebyshev,15,uniform,"{'feature_selection__k': 20, 'knn_classifier__algorithm': 'ball_tree', 'knn_classifier__leaf_size': 30, 'knn_classifier__metric': 'chebyshev', 'knn_classifier__n_neighbors': 15, 'knn_classifier__weights': 'uniform'}",55,0.33938303084845756,0.4259731493287332,0.3388915277118072,0.4270053375667196,0.34037552816461236,0.426546504506081,0.7091369447240253,3.1469838597999376,0.0006172310004569795,0.0004222527541603456
4.768391529719035,80.82300639152527,0.350775,0.9282666722391649,20,ball_tree,30,chebyshev,15,distance,"{'feature_selection__k': 20, 'knn_classifier__algorithm': 'ball_tree', 'knn_classifier__leaf_size': 30, 'knn_classifier__metric': 'chebyshev', 'knn_classifier__n_neighbors': 15, 'knn_classifier__weights': 'distance'}",13,0.3478326083695815,0.9280482012050302,0.35161620959476014,0.9288741109263866,0.35287646573493014,0.927877704586078,0.18885043278408056,3.551558402390362,0.0021433291617291707,0.00043512725595985834
4.6255708535512285,31.547555923461914,0.3324916666666667,0.5271875263735271,20,ball_tree,30,minkowski,5,uniform,"{'feature_selection__k': 20, 'knn_classifier__algorithm': 'ball_tree', 'knn_classifier__leaf_size': 30, 'knn_classifier__metric': 'minkowski', 'knn_classifier__n_neighbors': 5, 'knn_classifier__weights': 'uniform'}",83,0.3318834058297085,0.5279381984549614,0.3348166295842604,0.5278315978949737,0.3307748081106083,0.5257927827706461,0.5083235358164363,1.6262536806644403,0.0017051851982118917,0.000987192385228738
4.688498020172119,36.05075232187907,0.3369,0.9277041731761987,20,ball_tree,30,minkowski,5,distance,"{'feature_selection__k': 20, 'knn_classifier__algorithm': 'ball_tree', 'knn_classifier__leaf_size': 30, 'knn_classifier__metric': 'minkowski', 'knn_classifier__n_neighbors': 5, 'knn_classifier__weights': 'distance'}",65,0.3346082695865207,0.9273606840171005,0.33894152646183845,0.9285241065513319,0.33715028627147037,0.927227728960164,0.4261950467268452,2.9377265576629794,0.0017779073747029768,0.000582315674145959
4.351494868596395,31.83397849400838,0.34115833333333334,0.4576666796564328,20,ball_tree,30,minkowski,10,uniform,"{'feature_selection__k': 20, 'knn_classifier__algorithm': 'ball_tree', 'knn_classifier__leaf_size': 30, 'knn_classifier__metric': 'minkowski', 'knn_classifier__n_neighbors': 10, 'knn_classifier__weights': 'uniform'}",41,0.3399330033498325,0.4581489537238431,0.34086647833804157,0.457843223040288,0.3426757006775508,0.4570078622051673,0.4037756150499419,2.077420074949533,0.0011385547981144202,0.0004822849353413037
4.196198225021362,32.114195585250854,0.34581666666666666,0.9282375061974658,20,ball_tree,30,minkowski,10,distance,"{'feature_selection__k': 20, 'knn_classifier__algorithm': 'ball_tree', 'knn_classifier__leaf_size': 30, 'knn_classifier__metric': 'minkowski', 'knn_classifier__n_neighbors': 10, 'knn_classifier__weights': 'distance'}",23,0.343782810859457,0.9280357008925223,0.3481162970925727,0.9288616107701346,0.3455509163187239,0.9278152069297402,0.7292580596821667,0.36288531306937466,0.0017791221175002725,0.0004503955928777414
4.155103445053101,36.61206857363383,0.3433333333333333,0.430187488282467,20,ball_tree,30,minkowski,15,uniform,"{'feature_selection__k': 20, 'knn_classifier__algorithm': 'ball_tree', 'knn_classifier__leaf_size': 30, 'knn_classifier__metric': 'minkowski', 'knn_classifier__n_neighbors': 15, 'knn_classifier__weights': 'uniform'}",37,0.34258287085645717,0.4292107302682567,0.3428414289642759,0.4307053838172977,0.34457584318823914,0.43064635076184643,0.23732849271814926,3.2790446306453536,0.0008848564852889358,0.0006910925597207008
3.6536924044291177,30.37809944152832,0.3516416666666667,0.9282666722391649,20,ball_tree,30,minkowski,15,distance,"{'feature_selection__k': 20, 'knn_classifier__algorithm': 'ball_tree', 'knn_classifier__leaf_size': 30, 'knn_classifier__metric': 'minkowski', 'knn_classifier__n_neighbors': 15, 'knn_classifier__weights': 'distance'}",7,0.3501574921253937,0.9280482012050302,0.35346616334591635,0.9288741109263866,0.35130134760107007,0.927877704586078,0.1184790149112418,1.4553413596693026,0.0013720500404007672,0.00043512725595985834
3.61826753616333,3.3959994316101074,0.3303,0.524745858298925,20,kd_tree,20,chebyshev,5,uniform,"{'feature_selection__k': 20, 'knn_classifier__algorithm': 'kd_tree', 'knn_classifier__leaf_size': 20, 'knn_classifier__metric': 'chebyshev', 'knn_classifier__n_neighbors': 5, 'knn_classifier__weights': 'uniform'}",91,0.3287585620718964,0.5257256431410785,0.33121671958201043,0.5250190627382842,0.3309248193614521,0.5234928690174119,0.7289083183231375,0.33183985377893643,0.0010964967614566314,0.0009317727087271403
3.2269294261932373,2.9548604488372803,0.335525,0.9277041731761987,20,kd_tree,20,chebyshev,5,distance,"{'feature_selection__k': 20, 'knn_classifier__algorithm': 'kd_tree', 'knn_classifier__leaf_size': 20, 'knn_classifier__metric': 'chebyshev', 'knn_classifier__n_neighbors': 5, 'knn_classifier__weights': 'distance'}",75,0.3329833508324584,0.9273606840171005,0.3367665808354791,0.9285241065513319,0.3368252618946421,0.927227728960164,0.5224175327585593,0.3005979510336214,0.0017974444073532577,0.000582315674145959
3.382455587387085,3.5112737814585366,0.3380666666666667,0.45469997694616454,20,kd_tree,20,chebyshev,10,uniform,"{'feature_selection__k': 20, 'knn_classifier__algorithm': 'kd_tree', 'knn_classifier__leaf_size': 20, 'knn_classifier__metric': 'chebyshev', 'knn_classifier__n_neighbors': 10, 'knn_classifier__weights': 'uniform'}",59,0.33620818959052046,0.45259881497037424,0.337041573960651,0.4559431992899911,0.34095057129284695,0.45555791657812833,0.31472256877270066,0.10688878631292557,0.002067303653770462,0.0014940486222332012
3.1299449602762857,4.164217392603557,0.34508333333333335,0.9282375061974658,20,kd_tree,20,chebyshev,10,distance,"{'feature_selection__k': 20, 'knn_classifier__algorithm': 'kd_tree', 'knn_classifier__leaf_size': 20, 'knn_classifier__metric': 'chebyshev', 'knn_classifier__n_neighbors': 10, 'knn_classifier__weights': 'distance'}",31,0.3424328783560822,0.9280357008925223,0.3466163345916352,0.9288616107701346,0.3462009650723804,0.9278152069297402,0.7415492488907367,0.12019414424663255,0.0018818803950538152,0.0004503955928777414
3.4942498207092285,4.098010937372844,0.3405166666666667,0.42688749218626193,20,kd_tree,20,chebyshev,15,uniform,"{'feature_selection__k': 20, 'knn_classifier__algorithm': 'kd_tree', 'knn_classifier__leaf_size': 20, 'knn_classifier__metric': 'chebyshev', 'knn_classifier__n_neighbors': 15, 'knn_classifier__weights': 'uniform'}",49,0.33973301334933254,0.42609815245381133,0.3400164995875103,0.4274053425667821,0.3418006350476286,0.4271589815381923,0.24666815209006027,0.43364596936880956,0.0009151990218606555,0.0005671368729685508
3.4477152824401855,4.236537615458171,0.35063333333333335,0.9282666722391649,20,kd_tree,20,chebyshev,15,distance,"{'feature_selection__k': 20, 'knn_classifier__algorithm': 'kd_tree', 'knn_classifier__leaf_size': 20, 'knn_classifier__metric': 'chebyshev', 'knn_classifier__n_neighbors': 15, 'knn_classifier__weights': 'distance'}",15,0.3478326083695815,0.9280482012050302,0.35184120396990076,0.9288741109263866,0.3522264169812736,0.927877704586078,0.22403845435789754,0.4273187078332476,0.0019867197117978907,0.00043512725595985834
2.9253245989481607,2.372883955637614,0.3327833333333333,0.5270791963213531,20,kd_tree,20,minkowski,5,uniform,"{'feature_selection__k': 20, 'knn_classifier__algorithm': 'kd_tree', 'knn_classifier__leaf_size': 20, 'knn_classifier__metric': 'minkowski', 'knn_classifier__n_neighbors': 5, 'knn_classifier__weights': 'uniform'}",81,0.3317834108294585,0.5281007025175629,0.3350666233344166,0.5275815947699346,0.3314998624896867,0.5255552916765621,0.7554125065234846,1.1080340083282048,0.001618704464437439,0.0010982052747471923
0.9178539117177328,2.411910057067871,0.3368083333333333,0.9277041731761987,20,kd_tree,20,minkowski,5,distance,"{'feature_selection__k': 20, 'knn_classifier__algorithm': 'kd_tree', 'knn_classifier__leaf_size': 20, 'knn_classifier__metric': 'minkowski', 'knn_classifier__n_neighbors': 5, 'knn_classifier__weights': 'distance'}",67,0.3345332733363332,0.9273606840171005,0.3387665308367291,0.9285241065513319,0.3371252843963297,0.927227728960164,0.05515269863615386,0.2932852849609206,0.0017427220616589012,0.000582315674145959
1.4137118657430012,3.4736615816752114,0.341075,0.4578333492397974,20,kd_tree,20,minkowski,10,uniform,"{'feature_selection__k': 20, 'knn_classifier__algorithm': 'kd_tree', 'knn_classifier__leaf_size': 20, 'knn_classifier__metric': 'minkowski', 'knn_classifier__n_neighbors': 10, 'knn_classifier__weights': 'uniform'}",43,0.33975801209939505,0.4582489562239056,0.3407164820879478,0.4582682283528544,0.3427507063029727,0.45698286314263215,0.19159489955432654,0.08770444492129162,0.0012477797848294947,0.000601435951060503
2.393631855646769,2.858921845753988,0.34585,0.9282375061974658,20,kd_tree,20,minkowski,10,distance,"{'feature_selection__k': 20, 'knn_classifier__algorithm': 'kd_tree', 'knn_classifier__leaf_size': 20, 'knn_classifier__metric': 'minkowski', 'knn_classifier__n_neighbors': 10, 'knn_classifier__weights': 'distance'}",19,0.3437078146092695,0.9280357008925223,0.34809129771755704,0.9288616107701346,0.34575093131984896,0.9278152069297402,0.38067834581478843,0.77768533392613,0.0017909534339354883,0.0004503955928777414
1.8006900946299236,3.066991647084554,0.3434083333333333,0.4299374834386264,20,kd_tree,20,minkowski,15,uniform,"{'feature_selection__k': 20, 'knn_classifier__algorithm': 'kd_tree', 'knn_classifier__leaf_size': 20, 'knn_classifier__metric': 'minkowski', 'knn_classifier__n_neighbors': 15, 'knn_classifier__weights': 'uniform'}",33,0.3424328783560822,0.4288482212055301,0.34311642208944776,0.43030537881723524,0.34467585068880163,0.430658850293114,0.1361702074328542,0.5794046322297116,0.0009386611110638141,0.0007836260504443403
2.579799016316732,3.944570461908976,0.35165833333333335,0.9282666722391649,20,kd_tree,20,minkowski,15,distance,"{'feature_selection__k': 20, 'knn_classifier__algorithm': 'kd_tree', 'knn_classifier__leaf_size': 20, 'knn_classifier__metric': 'minkowski', 'knn_classifier__n_neighbors': 15, 'knn_classifier__weights': 'distance'}",5,0.3501824908754562,0.9280482012050302,0.3535411614709632,0.9288741109263866,0.3512513438507888,0.927877704586078,0.44166007694172976,0.1329478354905547,0.0014010684379888302,0.00043512725595985834
2.6583054860432944,1.9781748453776042,0.3303,0.524745858298925,20,kd_tree,30,chebyshev,5,uniform,"{'feature_selection__k': 20, 'knn_classifier__algorithm': 'kd_tree', 'knn_classifier__leaf_size': 30, 'knn_classifier__metric': 'chebyshev', 'knn_classifier__n_neighbors': 5, 'knn_classifier__weights': 'uniform'}",91,0.3287585620718964,0.5257256431410785,0.33121671958201043,0.5250190627382842,0.3309248193614521,0.5234928690174119,0.4825118069840127,0.21862076666911778,0.0010964967614566314,0.0009317727087271403
1.684312105178833,2.3729377587636313,0.335525,0.9277041731761987,20,kd_tree,30,chebyshev,5,distance,"{'feature_selection__k': 20, 'knn_classifier__algorithm': 'kd_tree', 'knn_classifier__leaf_size': 30, 'knn_classifier__metric': 'chebyshev', 'knn_classifier__n_neighbors': 5, 'knn_classifier__weights': 'distance'}",75,0.3329833508324584,0.9273606840171005,0.3367665808354791,0.9285241065513319,0.3368252618946421,0.927227728960164,0.21212637452423805,0.3255377614136772,0.0017974444073532577,0.000582315674145959
2.3247435092926025,2.7112156550089517,0.3380666666666667,0.45469997694616454,20,kd_tree,30,chebyshev,10,uniform,"{'feature_selection__k': 20, 'knn_classifier__algorithm': 'kd_tree', 'knn_classifier__leaf_size': 30, 'knn_classifier__metric': 'chebyshev', 'knn_classifier__n_neighbors': 10, 'knn_classifier__weights': 'uniform'}",59,0.33620818959052046,0.45259881497037424,0.337041573960651,0.4559431992899911,0.34095057129284695,0.45555791657812833,0.5901087239850674,0.14757543850553426,0.002067303653770462,0.0014940486222332012
2.5569806893666587,2.343764305114746,0.34508333333333335,0.9282375061974658,20,kd_tree,30,chebyshev,10,distance,"{'feature_selection__k': 20, 'knn_classifier__algorithm': 'kd_tree', 'knn_classifier__leaf_size': 30, 'knn_classifier__metric': 'chebyshev', 'knn_classifier__n_neighbors': 10, 'knn_classifier__weights': 'distance'}",31,0.3424328783560822,0.9280357008925223,0.3466163345916352,0.9288616107701346,0.3462009650723804,0.9278152069297402,0.3564133522251599,0.1827980036832993,0.0018818803950538152,0.0004503955928777414
2.254873832066854,3.298247734705607,0.3405166666666667,0.42688749218626193,20,kd_tree,30,chebyshev,15,uniform,"{'feature_selection__k': 20, 'knn_classifier__algorithm': 'kd_tree', 'knn_classifier__leaf_size': 30, 'knn_classifier__metric': 'chebyshev', 'knn_classifier__n_neighbors': 15, 'knn_classifier__weights': 'uniform'}",49,0.33973301334933254,0.42609815245381133,0.3400164995875103,0.4274053425667821,0.3418006350476286,0.4271589815381923,0.34857440297492737,0.4093536162757973,0.0009151990218606555,0.0005671368729685508
2.6321869691212973,3.4129960536956787,0.35063333333333335,0.9282666722391649,20,kd_tree,30,chebyshev,15,distance,"{'feature_selection__k': 20, 'knn_classifier__algorithm': 'kd_tree', 'knn_classifier__leaf_size': 30, 'knn_classifier__metric': 'chebyshev', 'knn_classifier__n_neighbors': 15, 'knn_classifier__weights': 'distance'}",15,0.3478326083695815,0.9280482012050302,0.35184120396990076,0.9288741109263866,0.3522264169812736,0.927877704586078,0.26524716537366705,0.28138435821087093,0.0019867197117978907,0.00043512725595985834
2.0896831353505454,2.6317270596822104,0.3327833333333333,0.5270791963213531,20,kd_tree,30,minkowski,5,uniform,"{'feature_selection__k': 20, 'knn_classifier__algorithm': 'kd_tree', 'knn_classifier__leaf_size': 30, 'knn_classifier__metric': 'minkowski', 'knn_classifier__n_neighbors': 5, 'knn_classifier__weights': 'uniform'}",81,0.3317834108294585,0.5281007025175629,0.3350666233344166,0.5275815947699346,0.3314998624896867,0.5255552916765621,0.6021508869592593,0.37381788033508345,0.001618704464437439,0.0010982052747471923
2.755644162495931,2.3109458287556968,0.3368083333333333,0.9277041731761987,20,kd_tree,30,minkowski,5,distance,"{'feature_selection__k': 20, 'knn_classifier__algorithm': 'kd_tree', 'knn_classifier__leaf_size': 30, 'knn_classifier__metric': 'minkowski', 'knn_classifier__n_neighbors': 5, 'knn_classifier__weights': 'distance'}",67,0.3345332733363332,0.9273606840171005,0.3387665308367291,0.9285241065513319,0.3371252843963297,0.927227728960164,0.03016299746775033,0.3673626886391178,0.0017427220616589012,0.000582315674145959
1.2718524138132732,3.408916155497233,0.341075,0.4578333492397974,20,kd_tree,30,minkowski,10,uniform,"{'feature_selection__k': 20, 'knn_classifier__algorithm': 'kd_tree', 'knn_classifier__leaf_size': 30, 'knn_classifier__metric': 'minkowski', 'knn_classifier__n_neighbors': 10, 'knn_classifier__weights': 'uniform'}",43,0.33975801209939505,0.4582489562239056,0.3407164820879478,0.4582682283528544,0.3427507063029727,0.45698286314263215,0.3631670469961331,0.20804091204624803,0.0012477797848294947,0.000601435951060503
3.436238447825114,2.853358586629232,0.34585,0.9282375061974658,20,kd_tree,30,minkowski,10,distance,"{'feature_selection__k': 20, 'knn_classifier__algorithm': 'kd_tree', 'knn_classifier__leaf_size': 30, 'knn_classifier__metric': 'minkowski', 'knn_classifier__n_neighbors': 10, 'knn_classifier__weights': 'distance'}",19,0.3437078146092695,0.9280357008925223,0.34809129771755704,0.9288616107701346,0.34575093131984896,0.9278152069297402,0.19413597729236762,0.407409246187831,0.0017909534339354883,0.0004503955928777414
1.8590749899546306,3.490038792292277,0.3434083333333333,0.4299374834386264,20,kd_tree,30,minkowski,15,uniform,"{'feature_selection__k': 20, 'knn_classifier__algorithm': 'kd_tree', 'knn_classifier__leaf_size': 30, 'knn_classifier__metric': 'minkowski', 'knn_classifier__n_neighbors': 15, 'knn_classifier__weights': 'uniform'}",33,0.3424328783560822,0.4288482212055301,0.34311642208944776,0.43030537881723524,0.34467585068880163,0.430658850293114,0.36841721026657714,0.5620762918958717,0.0009386611110638141,0.0007836260504443403
2.2483065923055015,3.947672684987386,0.35165833333333335,0.9282666722391649,20,kd_tree,30,minkowski,15,distance,"{'feature_selection__k': 20, 'knn_classifier__algorithm': 'kd_tree', 'knn_classifier__leaf_size': 30, 'knn_classifier__metric': 'minkowski', 'knn_classifier__n_neighbors': 15, 'knn_classifier__weights': 'distance'}",5,0.3501824908754562,0.9280482012050302,0.3535411614709632,0.9288741109263866,0.3512513438507888,0.927877704586078,0.36857571685433693,0.46671164481649996,0.0014010684379888302,0.00043512725595985834
3.6894500255584717,208.68226941426596,0.2948,0.5022831418248715,30,ball_tree,20,chebyshev,5,uniform,"{'feature_selection__k': 30, 'knn_classifier__algorithm': 'ball_tree', 'knn_classifier__leaf_size': 20, 'knn_classifier__metric': 'chebyshev', 'knn_classifier__n_neighbors': 5, 'knn_classifier__weights': 'uniform'}",143,0.2656867156642168,0.4850121253031326,0.3123921901952451,0.5123814047675596,0.30632297422306676,0.5094558954039223,0.1258577701944668,20.0265363407469,0.02073553771911333,0.01227071473141957
3.1494102478027344,210.24606386820474,0.2971666666666667,0.9682835928402694,30,ball_tree,20,chebyshev,5,distance,"{'feature_selection__k': 30, 'knn_classifier__algorithm': 'ball_tree', 'knn_classifier__leaf_size': 20, 'knn_classifier__metric': 'chebyshev', 'knn_classifier__n_neighbors': 5, 'knn_classifier__weights': 'distance'}",139,0.26596170191490426,0.9886372159303982,0.31416714582135447,0.9584119801497518,0.3113733530014751,0.9578015824406585,0.4897318545340885,25.776719978613993,0.022095526160414172,0.014394342083195557
4.221030235290527,221.8107158342997,0.3057416666666667,0.43047065052308464,30,ball_tree,20,chebyshev,10,uniform,"{'feature_selection__k': 30, 'knn_classifier__algorithm': 'ball_tree', 'knn_classifier__leaf_size': 20, 'knn_classifier__metric': 'chebyshev', 'knn_classifier__n_neighbors': 10, 'knn_classifier__weights': 'uniform'}",127,0.28338583070846457,0.41624790619765495,0.31774205644858877,0.4372804660058251,0.31609870740305523,0.43788357936577377,0.9078926265912858,17.482498711732973,0.015822785188932403,0.0100600125427736
5.785707553227742,229.6918467680613,0.31053333333333333,0.9683252587778073,30,ball_tree,20,chebyshev,10,distance,"{'feature_selection__k': 30, 'knn_classifier__algorithm': 'ball_tree', 'knn_classifier__leaf_size': 20, 'knn_classifier__metric': 'chebyshev', 'knn_classifier__n_neighbors': 10, 'knn_classifier__weights': 'distance'}",117,0.28278586070696465,0.9886372159303982,0.32504187395315115,0.9584619807747596,0.32377428307123035,0.9578765796282639,0.9881015200008709,29.317631797761724,0.019627984676467095,0.014364710837142951
3.2392268975575766,228.09444999694824,0.30950833333333333,0.40417477779621896,30,ball_tree,20,chebyshev,15,uniform,"{'feature_selection__k': 30, 'knn_classifier__algorithm': 'ball_tree', 'knn_classifier__leaf_size': 20, 'knn_classifier__metric': 'chebyshev', 'knn_classifier__n_neighbors': 15, 'knn_classifier__weights': 'uniform'}",121,0.2903354832258387,0.3886347158678967,0.3177670558236044,0.4102676283453543,0.32042403180238516,0.41362198917540594,2.4340161878943105,23.172506955101717,0.013601082066255352,0.011073484176073175
4.0357747077941895,223.59512837727866,0.31766666666666665,0.9683252587778073,30,ball_tree,20,chebyshev,15,distance,"{'feature_selection__k': 30, 'knn_classifier__algorithm': 'ball_tree', 'knn_classifier__leaf_size': 20, 'knn_classifier__metric': 'chebyshev', 'knn_classifier__n_neighbors': 15, 'knn_classifier__weights': 'distance'}",101,0.2911104444777761,0.9886372159303982,0.3309667258318542,0.9584619807747596,0.3309248193614521,0.9578765796282639,1.42491596243707,43.73830739753412,0.018778796768001274,0.014364710837142951
6.124903440475464,155.90287828445435,0.29935,0.5065956624532036,30,ball_tree,20,minkowski,5,uniform,"{'feature_selection__k': 30, 'knn_classifier__algorithm': 'ball_tree', 'knn_classifier__leaf_size': 20, 'knn_classifier__metric': 'minkowski', 'knn_classifier__n_neighbors': 5, 'knn_classifier__weights': 'uniform'}",135,0.27383630818459076,0.4920248006200155,0.3140921476963076,0.5145564319553995,0.31012325924444334,0.5132057547841956,0.0751568557564574,13.804171801903218,0.018114191300950353,0.010317900081140351
6.395918369293213,165.75808175404867,0.30043333333333333,0.9682835928402694,30,ball_tree,20,minkowski,5,distance,"{'feature_selection__k': 30, 'knn_classifier__algorithm': 'ball_tree', 'knn_classifier__leaf_size': 20, 'knn_classifier__metric': 'minkowski', 'knn_classifier__n_neighbors': 5, 'knn_classifier__weights': 'distance'}",131,0.27206139693015347,0.9886372159303982,0.31691707707307315,0.9584119801497518,0.31232342425681925,0.9578015824406585,0.16735112776327268,14.890046570607783,0.020150196717208073,0.014394342083195557
5.1338473955790205,165.42543943723044,0.312575,0.43716651938179024,30,ball_tree,20,minkowski,10,uniform,"{'feature_selection__k': 30, 'knn_classifier__algorithm': 'ball_tree', 'knn_classifier__leaf_size': 20, 'knn_classifier__metric': 'minkowski', 'knn_classifier__n_neighbors': 10, 'knn_classifier__weights': 'uniform'}",113,0.2917854107294635,0.42503562589064725,0.32281692957676056,0.44349304366304576,0.3231242343175738,0.4429708885916778,0.7864432418389585,16.884444769713948,0.014701546114647175,0.008580485384472957
5.966149250666301,169.0623041788737,0.31328333333333336,0.9683252587778073,30,ball_tree,20,minkowski,10,distance,"{'feature_selection__k': 30, 'knn_classifier__algorithm': 'ball_tree', 'knn_classifier__leaf_size': 20, 'knn_classifier__metric': 'minkowski', 'knn_classifier__n_neighbors': 10, 'knn_classifier__weights': 'distance'}",109,0.2873356332183391,0.9886372159303982,0.3271918202044949,0.9584619807747596,0.3253243993299497,0.9578765796282639,0.6762165900117224,17.726029821992082,0.018364313626340445,0.014364710837142951
5.808455149332683,179.0510794321696,0.3168416666666667,0.4104164892063238,30,ball_tree,20,minkowski,15,uniform,"{'feature_selection__k': 30, 'knn_classifier__algorithm': 'ball_tree', 'knn_classifier__leaf_size': 20, 'knn_classifier__metric': 'minkowski', 'knn_classifier__n_neighbors': 15, 'knn_classifier__weights': 'uniform'}",105,0.30028498575071244,0.3964974124353109,0.3249918752031199,0.4171677145964325,0.3252493937045278,0.417584340587228,0.10491670701104412,17.43676129381316,0.011708252377058116,0.009843743120109837
6.1908793449401855,172.85919316609701,0.3212083333333333,0.9683252587778073,30,ball_tree,20,minkowski,15,distance,"{'feature_selection__k': 30, 'knn_classifier__algorithm': 'ball_tree', 'knn_classifier__leaf_size': 20, 'knn_classifier__metric': 'minkowski', 'knn_classifier__n_neighbors': 15, 'knn_classifier__weights': 'distance'}",97,0.2974601269936503,0.9886372159303982,0.3338166545836354,0.9584619807747596,0.33234992624446835,0.9578765796282639,0.2877949207785917,20.590069391584368,0.01680381925513587,0.014364710837142951
6.177549521128337,218.52116163571677,0.2948,0.5022831418248715,30,ball_tree,30,chebyshev,5,uniform,"{'feature_selection__k': 30, 'knn_classifier__algorithm': 'ball_tree', 'knn_classifier__leaf_size': 30, 'knn_classifier__metric': 'chebyshev', 'knn_classifier__n_neighbors': 5, 'knn_classifier__weights': 'uniform'}",143,0.2656867156642168,0.4850121253031326,0.3123921901952451,0.5123814047675596,0.30632297422306676,0.5094558954039223,0.4406863160606006,18.53402209030564,0.02073553771911333,0.01227071473141957
5.907898902893066,236.84738190968832,0.2971666666666667,0.9682835928402694,30,ball_tree,30,chebyshev,5,distance,"{'feature_selection__k': 30, 'knn_classifier__algorithm': 'ball_tree', 'knn_classifier__leaf_size': 30, 'knn_classifier__metric': 'chebyshev', 'knn_classifier__n_neighbors': 5, 'knn_classifier__weights': 'distance'}",139,0.26596170191490426,0.9886372159303982,0.31416714582135447,0.9584119801497518,0.3113733530014751,0.9578015824406585,1.6470047505423329,27.736448158085935,0.022095526160414172,0.014394342083195557
7.593941926956177,233.64714805285135,0.3057416666666667,0.43047065052308464,30,ball_tree,30,chebyshev,10,uniform,"{'feature_selection__k': 30, 'knn_classifier__algorithm': 'ball_tree', 'knn_classifier__leaf_size': 30, 'knn_classifier__metric': 'chebyshev', 'knn_classifier__n_neighbors': 10, 'knn_classifier__weights': 'uniform'}",127,0.28338583070846457,0.41624790619765495,0.31774205644858877,0.4372804660058251,0.31609870740305523,0.43788357936577377,0.6641154446290481,35.83415876435967,0.015822785188932403,0.0100600125427736
6.530941486358643,248.1932118733724,0.31053333333333333,0.9683252587778073,30,ball_tree,30,chebyshev,10,distance,"{'feature_selection__k': 30, 'knn_classifier__algorithm': 'ball_tree', 'knn_classifier__leaf_size': 30, 'knn_classifier__metric': 'chebyshev', 'knn_classifier__n_neighbors': 10, 'knn_classifier__weights': 'distance'}",117,0.28278586070696465,0.9886372159303982,0.32504187395315115,0.9584619807747596,0.32377428307123035,0.9578765796282639,0.6910538619764944,33.371720037612484,0.019627984676467095,0.014364710837142951
4.903284470240275,251.72495532035828,0.30950833333333333,0.40417477779621896,30,ball_tree,30,chebyshev,15,uniform,"{'feature_selection__k': 30, 'knn_classifier__algorithm': 'ball_tree', 'knn_classifier__leaf_size': 30, 'knn_classifier__metric': 'chebyshev', 'knn_classifier__n_neighbors': 15, 'knn_classifier__weights': 'uniform'}",121,0.2903354832258387,0.3886347158678967,0.3177670558236044,0.4102676283453543,0.32042403180238516,0.41362198917540594,2.350695958593027,34.02617535187169,0.013601082066255352,0.011073484176073175
5.9473170439402265,254.97705562909445,0.31766666666666665,0.9683252587778073,30,ball_tree,30,chebyshev,15,distance,"{'feature_selection__k': 30, 'knn_classifier__algorithm': 'ball_tree', 'knn_classifier__leaf_size': 30, 'knn_classifier__metric': 'chebyshev', 'knn_classifier__n_neighbors': 15, 'knn_classifier__weights': 'distance'}",101,0.2911104444777761,0.9886372159303982,0.3309667258318542,0.9584619807747596,0.3309248193614521,0.9578765796282639,1.0011102670996779,35.73044779534774,0.018778796768001274,0.014364710837142951
7.3941826820373535,188.21875794728598,0.29935,0.5065956624532036,30,ball_tree,30,minkowski,5,uniform,"{'feature_selection__k': 30, 'knn_classifier__algorithm': 'ball_tree', 'knn_classifier__leaf_size': 30, 'knn_classifier__metric': 'minkowski', 'knn_classifier__n_neighbors': 5, 'knn_classifier__weights': 'uniform'}",135,0.27383630818459076,0.4920248006200155,0.3140921476963076,0.5145564319553995,0.31012325924444334,0.5132057547841956,1.7078351365759457,13.088412961960481,0.018114191300950353,0.010317900081140351
8.102015336354574,191.55689239501953,0.30043333333333333,0.9682835928402694,30,ball_tree,30,minkowski,5,distance,"{'feature_selection__k': 30, 'knn_classifier__algorithm': 'ball_tree', 'knn_classifier__leaf_size': 30, 'knn_classifier__metric': 'minkowski', 'knn_classifier__n_neighbors': 5, 'knn_classifier__weights': 'distance'}",131,0.27206139693015347,0.9886372159303982,0.31691707707307315,0.9584119801497518,0.31232342425681925,0.9578015824406585,1.0993777384974144,23.42324192744001,0.020150196717208073,0.014394342083195557
7.392487684885661,188.87305982907614,0.312575,0.43716651938179024,30,ball_tree,30,minkowski,10,uniform,"{'feature_selection__k': 30, 'knn_classifier__algorithm': 'ball_tree', 'knn_classifier__leaf_size': 30, 'knn_classifier__metric': 'minkowski', 'knn_classifier__n_neighbors': 10, 'knn_classifier__weights': 'uniform'}",113,0.2917854107294635,0.42503562589064725,0.32281692957676056,0.44349304366304576,0.3231242343175738,0.4429708885916778,1.2256543391594008,12.866896262737137,0.014701546114647175,0.008580485384472957
6.747186501820882,195.64511156082153,0.31328333333333336,0.9683252587778073,30,ball_tree,30,minkowski,10,distance,"{'feature_selection__k': 30, 'knn_classifier__algorithm': 'ball_tree', 'knn_classifier__leaf_size': 30, 'knn_classifier__metric': 'minkowski', 'knn_classifier__n_neighbors': 10, 'knn_classifier__weights': 'distance'}",109,0.2873356332183391,0.9886372159303982,0.3271918202044949,0.9584619807747596,0.3253243993299497,0.9578765796282639,2.433013051945094,10.26278958784539,0.018364313626340445,0.014364710837142951
7.380429744720459,192.40790232022604,0.3168416666666667,0.4104164892063238,30,ball_tree,30,minkowski,15,uniform,"{'feature_selection__k': 30, 'knn_classifier__algorithm': 'ball_tree', 'knn_classifier__leaf_size': 30, 'knn_classifier__metric': 'minkowski', 'knn_classifier__n_neighbors': 15, 'knn_classifier__weights': 'uniform'}",105,0.30028498575071244,0.3964974124353109,0.3249918752031199,0.4171677145964325,0.3252493937045278,0.417584340587228,1.3923264872898373,20.91918185669066,0.011708252377058116,0.009843743120109837
4.237292289733887,191.96462678909302,0.3212083333333333,0.9683252587778073,30,ball_tree,30,minkowski,15,distance,"{'feature_selection__k': 30, 'knn_classifier__algorithm': 'ball_tree', 'knn_classifier__leaf_size': 30, 'knn_classifier__metric': 'minkowski', 'knn_classifier__n_neighbors': 15, 'knn_classifier__weights': 'distance'}",97,0.2974601269936503,0.9886372159303982,0.3338166545836354,0.9584619807747596,0.33234992624446835,0.9578765796282639,1.9136510009232781,23.095392445418387,0.01680381925513587,0.014364710837142951
5.526713927586873,8.541572332382202,0.2951416666666667,0.5028623135960668,30,kd_tree,20,chebyshev,5,uniform,"{'feature_selection__k': 30, 'knn_classifier__algorithm': 'kd_tree', 'knn_classifier__leaf_size': 20, 'knn_classifier__metric': 'chebyshev', 'knn_classifier__n_neighbors': 5, 'knn_classifier__weights': 'uniform'}",141,0.2664616769161542,0.485849646241156,0.3121671958201045,0.5129439117988975,0.3067980098507388,0.5097933827481469,0.4560674070189958,1.2774423538715898,0.020398684393855514,0.012098335869629393
6.814323902130127,8.576881408691406,0.2975333333333333,0.9682835928402694,30,kd_tree,20,chebyshev,5,distance,"{'feature_selection__k': 30, 'knn_classifier__algorithm': 'kd_tree', 'knn_classifier__leaf_size': 20, 'knn_classifier__metric': 'chebyshev', 'knn_classifier__n_neighbors': 5, 'knn_classifier__weights': 'distance'}",137,0.26688665566721664,0.9886372159303982,0.31434214144646383,0.9584119801497518,0.3113733530014751,0.9578015824406585,0.9767998948743243,0.293866808246151,0.021705150578852403,0.014394342083195557
6.459183931350708,11.60796324412028,0.30585,0.43075815870026757,30,kd_tree,20,chebyshev,10,uniform,"{'feature_selection__k': 30, 'knn_classifier__algorithm': 'kd_tree', 'knn_classifier__leaf_size': 20, 'knn_classifier__metric': 'chebyshev', 'knn_classifier__n_neighbors': 10, 'knn_classifier__weights': 'uniform'}",125,0.283810809459527,0.4168979224480612,0.3176670583235419,0.43760547006837586,0.3160737055279146,0.43777108358436556,0.6186418726179432,1.132226771898764,0.015598214426431865,0.009800900254037927
5.670684814453125,12.260355472564697,0.3102916666666667,0.9683252587778073,30,kd_tree,20,chebyshev,10,distance,"{'feature_selection__k': 30, 'knn_classifier__algorithm': 'kd_tree', 'knn_classifier__leaf_size': 20, 'knn_classifier__metric': 'chebyshev', 'knn_classifier__n_neighbors': 10, 'knn_classifier__weights': 'distance'}",119,0.2830858457077146,0.9886372159303982,0.3247668808279793,0.9584619807747596,0.32302422681701126,0.9578765796282639,1.0484644802864733,1.1694902142954122,0.01925129168239794,0.014364710837142951
5.018985191980998,11.599577029546102,0.30909166666666665,0.40402895753538765,30,kd_tree,20,chebyshev,15,uniform,"{'feature_selection__k': 30, 'knn_classifier__algorithm': 'kd_tree', 'knn_classifier__leaf_size': 20, 'knn_classifier__metric': 'chebyshev', 'knn_classifier__n_neighbors': 15, 'knn_classifier__weights': 'uniform'}",123,0.29136043197840106,0.38855971399284983,0.31636709082272946,0.41081763522044024,0.3195489661724629,0.41270952339287276,2.824083714962629,2.0266529704499616,0.01260545430452661,0.010965641250378612
4.177958806355794,10.521946032842001,0.3174,0.9683252587778073,30,kd_tree,20,chebyshev,15,distance,"{'feature_selection__k': 30, 'knn_classifier__algorithm': 'kd_tree', 'knn_classifier__leaf_size': 20, 'knn_classifier__metric': 'chebyshev', 'knn_classifier__n_neighbors': 15, 'knn_classifier__weights': 'distance'}",103,0.29158542072896354,0.9886372159303982,0.3302417439564011,0.9584619807747596,0.33037477810835814,0.9578765796282639,1.344842223555271,0.8764436108999201,0.018254429364434083,0.014364710837142951
5.257550239562988,9.024670044581095,0.29951666666666665,0.5065581600574093,30,kd_tree,20,minkowski,5,uniform,"{'feature_selection__k': 30, 'knn_classifier__algorithm': 'kd_tree', 'knn_classifier__leaf_size': 20, 'knn_classifier__metric': 'minkowski', 'knn_classifier__n_neighbors': 5, 'knn_classifier__weights': 'uniform'}",133,0.27393630318484075,0.4920123003075077,0.31434214144646383,0.5143439292991162,0.31027327049528713,0.5133182505656038,1.9351935119858843,0.8187922553964181,0.01816483561731785,0.010293996020786383
4.535095691680908,9.064058621724447,0.3005333333333333,0.9682835928402694,30,kd_tree,20,minkowski,5,distance,"{'feature_selection__k': 30, 'knn_classifier__algorithm': 'kd_tree', 'knn_classifier__leaf_size': 20, 'knn_classifier__metric': 'minkowski', 'knn_classifier__n_neighbors': 5, 'knn_classifier__weights': 'distance'}",129,0.2721613919304035,0.9886372159303982,0.3170420739481513,0.9584119801497518,0.31239842988224115,0.9578015824406585,1.063786407844927,0.5064629878120547,0.020152109856875083,0.014394342083195557
4.3760294914245605,9.131394147872925,0.31245,0.4372081882359348,30,kd_tree,20,minkowski,10,uniform,"{'feature_selection__k': 30, 'knn_classifier__algorithm': 'kd_tree', 'knn_classifier__leaf_size': 20, 'knn_classifier__metric': 'minkowski', 'knn_classifier__n_neighbors': 10, 'knn_classifier__weights': 'uniform'}",115,0.29156042197890103,0.4250856271406785,0.32291692707682307,0.4436555456943212,0.32287421556616747,0.4428833918728048,1.0575313727894167,0.8319913221440982,0.014771726488107094,0.008577739446271666
4.329526662826538,10.90154774983724,0.31324166666666664,0.9683252587778073,30,kd_tree,20,minkowski,10,distance,"{'feature_selection__k': 30, 'knn_classifier__algorithm': 'kd_tree', 'knn_classifier__leaf_size': 20, 'knn_classifier__metric': 'minkowski', 'knn_classifier__n_neighbors': 10, 'knn_classifier__weights': 'distance'}",111,0.2872856357182141,0.9886372159303982,0.3271668208294793,0.9584619807747596,0.3252743955796685,0.9578765796282639,0.20828592705127635,0.9503515297305586,0.018370626016203376,0.014364710837142951
5.24556565284729,11.18463651339213,0.31666666666666665,0.41037482269586095,30,kd_tree,20,minkowski,15,uniform,"{'feature_selection__k': 30, 'knn_classifier__algorithm': 'kd_tree', 'knn_classifier__leaf_size': 20, 'knn_classifier__metric': 'minkowski', 'knn_classifier__n_neighbors': 15, 'knn_classifier__weights': 'uniform'}",107,0.3001599920004,0.3964099102477562,0.3246918827029324,0.41719271490893634,0.3251493862039653,0.4175218429308901,0.7176397172021676,1.8281080843062754,0.011673913491100658,0.009875598414817909
5.2998175621032715,10.897936503092447,0.3212083333333333,0.9683252587778073,30,kd_tree,20,minkowski,15,distance,"{'feature_selection__k': 30, 'knn_classifier__algorithm': 'kd_tree', 'knn_classifier__leaf_size': 20, 'knn_classifier__metric': 'minkowski', 'knn_classifier__n_neighbors': 15, 'knn_classifier__weights': 'distance'}",97,0.2975851207439628,0.9886372159303982,0.33364165895852604,0.9584619807747596,0.3323999299947496,0.9578765796282639,0.5395960557567686,0.5182868885116306,0.016712450135424075,0.014364710837142951
4.3374795118967695,5.583250045776367,0.2951416666666667,0.5028623135960668,30,kd_tree,30,chebyshev,5,uniform,"{'feature_selection__k': 30, 'knn_classifier__algorithm': 'kd_tree', 'knn_classifier__leaf_size': 30, 'knn_classifier__metric': 'chebyshev', 'knn_classifier__n_neighbors': 5, 'knn_classifier__weights': 'uniform'}",141,0.2664616769161542,0.485849646241156,0.3121671958201045,0.5129439117988975,0.3067980098507388,0.5097933827481469,0.15659271200479674,0.9446458123160724,0.020398684393855514,0.012098335869629393
3.204428752263387,6.3783018589019775,0.2975333333333333,0.9682835928402694,30,kd_tree,30,chebyshev,5,distance,"{'feature_selection__k': 30, 'knn_classifier__algorithm': 'kd_tree', 'knn_classifier__leaf_size': 30, 'knn_classifier__metric': 'chebyshev', 'knn_classifier__n_neighbors': 5, 'knn_classifier__weights': 'distance'}",137,0.26688665566721664,0.9886372159303982,0.31434214144646383,0.9584119801497518,0.3113733530014751,0.9578015824406585,1.2251407988071636,0.7618890283929277,0.021705150578852403,0.014394342083195557
3.964406172434489,7.542174736658732,0.30585,0.43075815870026757,30,kd_tree,30,chebyshev,10,uniform,"{'feature_selection__k': 30, 'knn_classifier__algorithm': 'kd_tree', 'knn_classifier__leaf_size': 30, 'knn_classifier__metric': 'chebyshev', 'knn_classifier__n_neighbors': 10, 'knn_classifier__weights': 'uniform'}",125,0.283810809459527,0.4168979224480612,0.3176670583235419,0.43760547006837586,0.3160737055279146,0.43777108358436556,1.5589692061578693,0.10921748689467733,0.015598214426431865,0.009800900254037927
3.791769504547119,7.365926345189412,0.3102916666666667,0.9683252587778073,30,kd_tree,30,chebyshev,10,distance,"{'feature_selection__k': 30, 'knn_classifier__algorithm': 'kd_tree', 'knn_classifier__leaf_size': 30, 'knn_classifier__metric': 'chebyshev', 'knn_classifier__n_neighbors': 10, 'knn_classifier__weights': 'distance'}",119,0.2830858457077146,0.9886372159303982,0.3247668808279793,0.9584619807747596,0.32302422681701126,0.9578765796282639,0.47370115651026934,0.3750811346359115,0.01925129168239794,0.014364710837142951
4.940729220708211,10.636663754781088,0.30909166666666665,0.40402895753538765,30,kd_tree,30,chebyshev,15,uniform,"{'feature_selection__k': 30, 'knn_classifier__algorithm': 'kd_tree', 'knn_classifier__leaf_size': 30, 'knn_classifier__metric': 'chebyshev', 'knn_classifier__n_neighbors': 15, 'knn_classifier__weights': 'uniform'}",123,0.29136043197840106,0.38855971399284983,0.31636709082272946,0.41081763522044024,0.3195489661724629,0.41270952339287276,0.6373047349635349,0.4199524271574738,0.01260545430452661,0.010965641250378612
4.781230211257935,8.930865208307901,0.3174,0.9683252587778073,30,kd_tree,30,chebyshev,15,distance,"{'feature_selection__k': 30, 'knn_classifier__algorithm': 'kd_tree', 'knn_classifier__leaf_size': 30, 'knn_classifier__metric': 'chebyshev', 'knn_classifier__n_neighbors': 15, 'knn_classifier__weights': 'distance'}",103,0.29158542072896354,0.9886372159303982,0.3302417439564011,0.9584619807747596,0.33037477810835814,0.9578765796282639,0.7147468364184043,1.1489168249304362,0.018254429364434083,0.014364710837142951
4.159600337346395,7.7433764934539795,0.29951666666666665,0.5065581600574093,30,kd_tree,30,minkowski,5,uniform,"{'feature_selection__k': 30, 'knn_classifier__algorithm': 'kd_tree', 'knn_classifier__leaf_size': 30, 'knn_classifier__metric': 'minkowski', 'knn_classifier__n_neighbors': 5, 'knn_classifier__weights': 'uniform'}",133,0.27393630318484075,0.4920123003075077,0.31434214144646383,0.5143439292991162,0.31027327049528713,0.5133182505656038,1.272854025131814,0.20678429091372874,0.01816483561731785,0.010293996020786383
4.51956303914388,7.2651480833689375,0.3005333333333333,0.9682835928402694,30,kd_tree,30,minkowski,5,distance,"{'feature_selection__k': 30, 'knn_classifier__algorithm': 'kd_tree', 'knn_classifier__leaf_size': 30, 'knn_classifier__metric': 'minkowski', 'knn_classifier__n_neighbors': 5, 'knn_classifier__weights': 'distance'}",129,0.2721613919304035,0.9886372159303982,0.3170420739481513,0.9584119801497518,0.31239842988224115,0.9578015824406585,1.6558746904588773,1.6563906869268987,0.020152109856875083,0.014394342083195557
3.2358762423197427,7.151615222295125,0.31245,0.4372081882359348,30,kd_tree,30,minkowski,10,uniform,"{'feature_selection__k': 30, 'knn_classifier__algorithm': 'kd_tree', 'knn_classifier__leaf_size': 30, 'knn_classifier__metric': 'minkowski', 'knn_classifier__n_neighbors': 10, 'knn_classifier__weights': 'uniform'}",115,0.29156042197890103,0.4250856271406785,0.32291692707682307,0.4436555456943212,0.32287421556616747,0.4428833918728048,0.20646717683517854,0.6832162597312157,0.014771726488107094,0.008577739446271666
3.636087338129679,8.3812415599823,0.31324166666666664,0.9683252587778073,30,kd_tree,30,minkowski,10,distance,"{'feature_selection__k': 30, 'knn_classifier__algorithm': 'kd_tree', 'knn_classifier__leaf_size': 30, 'knn_classifier__metric': 'minkowski', 'knn_classifier__n_neighbors': 10, 'knn_classifier__weights': 'distance'}",111,0.2872856357182141,0.9886372159303982,0.3271668208294793,0.9584619807747596,0.3252743955796685,0.9578765796282639,1.2973755358785963,0.41674709546793454,0.018370626016203376,0.014364710837142951
4.366024494171143,8.528798341751099,0.31666666666666665,0.41037482269586095,30,kd_tree,30,minkowski,15,uniform,"{'feature_selection__k': 30, 'knn_classifier__algorithm': 'kd_tree', 'knn_classifier__leaf_size': 30, 'knn_classifier__metric': 'minkowski', 'knn_classifier__n_neighbors': 15, 'knn_classifier__weights': 'uniform'}",107,0.3001599920004,0.3964099102477562,0.3246918827029324,0.41719271490893634,0.3251493862039653,0.4175218429308901,0.7037179011330371,1.477540562474779,0.011673913491100658,0.009875598414817909
3.518733342488607,7.409947951634725,0.3212083333333333,0.9683252587778073,30,kd_tree,30,minkowski,15,distance,"{'feature_selection__k': 30, 'knn_classifier__algorithm': 'kd_tree', 'knn_classifier__leaf_size': 30, 'knn_classifier__metric': 'minkowski', 'knn_classifier__n_neighbors': 15, 'knn_classifier__weights': 'distance'}",97,0.2975851207439628,0.9886372159303982,0.33364165895852604,0.9584619807747596,0.3323999299947496,0.9578765796282639,0.2159008898012628,0.3466944562545947,0.016712450135424075,0.014364710837142951
